{
    "camera_matrix" : [[3497.576,0,1058.439],[0,3501.038,797.136],[0,0,1]],
    "distortion" : [ -0.041196,-0.203893,0.006114,0.002318 ]
}