{
    "camera_matrix" : [[5594.808,0,1929.484],[0,5614.137,1032.641],[0,0,1]],
    "distortion" : [ -0.107711,-0.084221,-0.020514,0.001245 ]
}